crawl,top-k,No robots.txt capture,HTTP forbidden,HTTP defer visits,HTTP allow all,HTTP redirect not resolved,MIME not a robots.txt,Robots.txt no rules,Robots.txt with rules,dt
CC-MAIN-2016-36,1k,444,8,1,49,171,14,12,301,2016-09-05
CC-MAIN-2017-09,1k,332,11,2,56,193,20,17,369,2017-02-27
CC-MAIN-2017-34,1k,351,7,0,50,376,8,8,200,2017-08-21
CC-MAIN-2018-09,1k,344,8,3,50,375,11,6,203,2018-02-26
CC-MAIN-2018-34,1k,316,8,2,61,389,11,7,206,2018-08-20
CC-MAIN-2019-09,1k,345,5,3,59,374,7,7,200,2019-02-25
CC-MAIN-2019-35,1k,351,5,1,60,376,8,8,191,2019-08-26
CC-MAIN-2020-05,1k,329,8,3,68,20,26,13,533,2020-01-27
CC-MAIN-2020-10,1k,334,9,2,69,22,22,14,528,2020-03-02
CC-MAIN-2020-16,1k,326,11,2,75,19,27,16,524,2020-04-13
CC-MAIN-2020-24,1k,325,10,4,73,19,25,15,529,2020-06-08
CC-MAIN-2020-29,1k,320,12,1,78,19,25,14,531,2020-07-13
CC-MAIN-2020-34,1k,310,13,1,77,21,28,14,536,2020-08-17
CC-MAIN-2020-40,1k,321,9,2,71,22,24,15,536,2020-09-28
CC-MAIN-2020-45,1k,314,8,1,73,20,32,15,537,2020-11-02
CC-MAIN-2020-50,1k,316,13,2,69,17,28,13,542,2020-12-07
CC-MAIN-2021-04,1k,314,8,3,69,18,27,14,547,2021-01-25
CC-MAIN-2021-10,1k,312,10,2,68,16,32,15,545,2021-03-08
CC-MAIN-2021-17,1k,321,12,4,62,13,27,15,546,2021-04-26
CC-MAIN-2021-21,1k,307,8,2,67,19,26,18,553,2021-05-24
CC-MAIN-2021-25,1k,311,14,3,65,17,29,16,545,2021-06-21
CC-MAIN-2021-31,1k,324,11,3,68,46,0,15,533,2021-08-02
CC-MAIN-2021-39,1k,314,16,2,68,45,0,15,540,2021-09-27
CC-MAIN-2021-43,1k,332,9,2,63,44,0,16,534,2021-10-25
CC-MAIN-2021-49,1k,309,16,3,78,39,0,16,539,2021-12-06
CC-MAIN-2022-05,1k,324,9,2,64,45,0,16,540,2022-01-31
CC-MAIN-2022-21,1k,305,7,2,71,51,0,14,550,2022-05-23
CC-MAIN-2022-27,1k,332,10,3,65,44,0,13,533,2022-07-04
CC-MAIN-2022-33,1k,345,7,9,70,52,0,14,503,2022-08-15
CC-MAIN-2022-40,1k,349,8,4,62,48,0,12,517,2022-10-03
CC-MAIN-2022-49,1k,358,8,3,73,46,0,11,501,2022-12-05
CC-MAIN-2023-06,1k,370,6,4,62,45,0,12,501,2023-02-06
CC-MAIN-2023-14,1k,345,10,4,73,39,0,13,516,2023-04-03
CC-MAIN-2023-23,1k,376,8,6,66,51,0,15,478,2023-06-05
CC-MAIN-2023-40,1k,331,16,6,70,35,0,13,529,2023-10-02
CC-MAIN-2023-50,1k,307,19,8,74,35,0,14,543,2023-12-11
CC-MAIN-2024-10,1k,315,19,11,73,39,0,14,529,2024-03-04
CC-MAIN-2024-18,1k,315,17,11,75,40,0,13,529,2024-04-29
CC-MAIN-2024-22,1k,321,19,10,72,41,0,13,524,2024-05-27
CC-MAIN-2024-26,1k,313,21,11,76,41,0,12,526,2024-06-24
CC-MAIN-2024-30,1k,318,22,15,71,44,0,11,519,2024-07-22
CC-MAIN-2024-33,1k,326,23,11,68,42,0,11,519,2024-08-12
CC-MAIN-2024-38,1k,323,19,11,70,42,0,12,523,2024-09-16
CC-MAIN-2024-42,1k,324,22,14,68,43,0,10,519,2024-10-14
CC-MAIN-2024-46,1k,322,23,13,70,43,0,11,518,2024-11-11
CC-MAIN-2024-51,1k,323,40,12,71,39,0,11,504,2024-12-16
CC-MAIN-2025-05,1k,311,26,12,75,43,0,10,523,2025-01-27
CC-MAIN-2025-08,1k,324,27,12,64,44,0,9,520,2025-02-17
CC-MAIN-2025-13,1k,330,25,12,68,41,0,9,515,2025-03-24
CC-MAIN-2025-18,1k,319,26,11,75,43,0,9,517,2025-04-28
CC-MAIN-2025-21,1k,321,28,12,71,38,0,10,520,2025-05-19
CC-MAIN-2025-26,1k,336,22,13,72,38,0,10,509,2025-06-23
CC-MAIN-2025-30,1k,325,26,16,74,37,0,10,512,2025-07-21
CC-MAIN-2025-33,1k,324,32,15,77,41,0,9,502,2025-08-11
CC-MAIN-2025-38,1k,322,29,16,76,40,0,9,508,2025-09-15
CC-MAIN-2016-36,10k,5268,62,19,521,1233,207,161,2529,2016-09-05
CC-MAIN-2017-09,10k,3910,103,23,568,1779,249,202,3166,2017-02-27
CC-MAIN-2017-34,10k,4215,57,19,458,3121,91,131,1908,2017-08-21
CC-MAIN-2018-09,10k,4078,91,30,530,3065,104,155,1947,2018-02-26
CC-MAIN-2018-34,10k,3522,101,26,633,3407,86,183,2042,2018-08-20
CC-MAIN-2019-09,10k,3863,90,40,541,3203,82,148,2033,2019-02-25
CC-MAIN-2019-35,10k,4271,78,31,491,2879,87,145,2018,2019-08-26
CC-MAIN-2020-05,10k,3814,106,29,664,127,276,254,4730,2020-01-27
CC-MAIN-2020-10,10k,3636,110,30,731,139,279,266,4809,2020-03-02
CC-MAIN-2020-16,10k,3653,127,36,698,128,292,258,4808,2020-04-13
CC-MAIN-2020-24,10k,3584,122,31,689,120,298,268,4888,2020-06-08
CC-MAIN-2020-29,10k,3607,120,27,699,127,283,257,4880,2020-07-13
CC-MAIN-2020-34,10k,3527,126,33,691,135,307,248,4933,2020-08-17
CC-MAIN-2020-40,10k,3526,129,35,693,137,300,249,4931,2020-09-28
CC-MAIN-2020-45,10k,3485,128,26,710,139,315,251,4946,2020-11-02
CC-MAIN-2020-50,10k,3508,136,32,699,130,313,251,4931,2020-12-07
CC-MAIN-2021-04,10k,3481,132,33,691,135,331,243,4954,2021-01-25
CC-MAIN-2021-10,10k,3495,151,26,686,148,320,239,4935,2021-03-08
CC-MAIN-2021-17,10k,3468,157,33,690,149,336,232,4935,2021-04-26
CC-MAIN-2021-21,10k,3399,129,39,703,159,341,244,4986,2021-05-24
CC-MAIN-2021-25,10k,3450,155,27,683,161,349,239,4936,2021-06-21
CC-MAIN-2021-31,10k,3553,137,43,684,358,0,239,4986,2021-08-02
CC-MAIN-2021-39,10k,3488,173,43,707,365,0,243,4981,2021-09-27
CC-MAIN-2021-43,10k,3647,150,46,712,363,0,238,4844,2021-10-25
CC-MAIN-2021-49,10k,3465,160,36,717,319,0,252,5051,2021-12-06
CC-MAIN-2022-05,10k,3611,111,38,689,356,0,243,4952,2022-01-31
CC-MAIN-2022-21,10k,3523,98,47,700,378,0,225,5029,2022-05-23
CC-MAIN-2022-27,10k,3488,147,59,701,358,0,234,5013,2022-07-04
CC-MAIN-2022-33,10k,3812,133,72,680,405,0,216,4682,2022-08-15
CC-MAIN-2022-40,10k,3760,115,62,639,415,0,216,4793,2022-10-03
CC-MAIN-2022-49,10k,3701,133,55,678,383,0,218,4832,2022-12-05
CC-MAIN-2023-06,10k,3843,131,58,631,372,0,218,4747,2023-02-06
CC-MAIN-2023-14,10k,3746,157,53,642,339,0,229,4834,2023-04-03
CC-MAIN-2023-23,10k,3825,152,57,654,394,0,224,4694,2023-06-05
CC-MAIN-2023-40,10k,3566,188,57,681,362,0,212,4934,2023-10-02
CC-MAIN-2023-50,10k,3324,206,59,712,353,0,208,5138,2023-12-11
CC-MAIN-2024-10,10k,3363,211,66,677,356,0,210,5117,2024-03-04
CC-MAIN-2024-18,10k,3378,209,75,670,358,0,208,5102,2024-04-29
CC-MAIN-2024-22,10k,3290,218,74,702,367,0,221,5128,2024-05-27
CC-MAIN-2024-26,10k,3308,216,78,677,352,0,226,5143,2024-06-24
CC-MAIN-2024-30,10k,3327,290,92,667,357,0,215,5052,2024-07-22
CC-MAIN-2024-33,10k,3401,300,79,637,358,0,211,5014,2024-08-12
CC-MAIN-2024-38,10k,3374,280,89,642,352,0,218,5045,2024-09-16
CC-MAIN-2024-42,10k,3397,282,85,640,363,0,208,5025,2024-10-14
CC-MAIN-2024-46,10k,3409,282,91,652,349,0,203,5014,2024-11-11
CC-MAIN-2024-51,10k,3399,407,90,631,348,0,208,4917,2024-12-16
CC-MAIN-2025-05,10k,3371,313,83,648,347,0,204,5034,2025-01-27
CC-MAIN-2025-08,10k,3370,345,91,628,369,0,195,5002,2025-02-17
CC-MAIN-2025-13,10k,3416,269,94,636,359,0,204,5022,2025-03-24
CC-MAIN-2025-18,10k,3278,270,106,702,360,0,198,5086,2025-04-28
CC-MAIN-2025-21,10k,3336,283,104,685,350,0,192,5050,2025-05-19
CC-MAIN-2025-26,10k,3405,269,104,664,347,0,197,5014,2025-06-23
CC-MAIN-2025-30,10k,3342,328,110,659,359,0,195,5007,2025-07-21
CC-MAIN-2025-33,10k,3335,349,116,651,364,0,190,4995,2025-08-11
CC-MAIN-2025-38,10k,3325,347,105,665,368,0,195,4995,2025-09-15
CC-MAIN-2016-36,50k,29517,220,84,2746,4783,818,841,10991,2016-09-05
CC-MAIN-2017-09,50k,22578,353,116,2929,8064,971,1022,13967,2017-02-27
CC-MAIN-2017-34,50k,24436,204,71,2320,12915,408,722,8924,2017-08-21
CC-MAIN-2018-09,50k,23837,343,101,2668,12344,495,792,9420,2018-02-26
CC-MAIN-2018-34,50k,20319,454,128,3025,14726,486,908,9954,2018-08-20
CC-MAIN-2019-09,50k,21928,413,140,2769,13582,454,802,9912,2019-02-25
CC-MAIN-2019-35,50k,25329,378,129,2412,10719,435,772,9826,2019-08-26
CC-MAIN-2020-05,50k,21604,521,118,3364,641,1339,1288,21125,2020-01-27
CC-MAIN-2020-10,50k,20757,557,133,3561,661,1412,1325,21594,2020-03-02
CC-MAIN-2020-16,50k,20714,604,154,3484,618,1454,1341,21631,2020-04-13
CC-MAIN-2020-24,50k,20326,593,134,3442,643,1473,1351,22038,2020-06-08
CC-MAIN-2020-29,50k,20199,617,134,3487,627,1473,1340,22123,2020-07-13
CC-MAIN-2020-34,50k,19869,632,134,3504,667,1516,1339,22339,2020-08-17
CC-MAIN-2020-40,50k,19801,643,145,3519,657,1483,1356,22396,2020-09-28
CC-MAIN-2020-45,50k,19699,605,128,3546,647,1547,1355,22473,2020-11-02
CC-MAIN-2020-50,50k,19764,643,153,3493,620,1538,1350,22439,2020-12-07
CC-MAIN-2021-04,50k,19573,642,144,3497,643,1560,1350,22591,2021-01-25
CC-MAIN-2021-10,50k,19511,693,146,3480,648,1584,1331,22607,2021-03-08
CC-MAIN-2021-17,50k,19293,756,201,3475,680,1566,1338,22691,2021-04-26
CC-MAIN-2021-21,50k,19074,672,160,3528,675,1622,1350,22919,2021-05-24
CC-MAIN-2021-25,50k,19155,769,137,3485,707,1606,1326,22815,2021-06-21
CC-MAIN-2021-31,50k,19755,755,178,3562,1525,0,1344,22881,2021-08-02
CC-MAIN-2021-39,50k,19359,827,169,3662,1620,0,1343,23020,2021-09-27
CC-MAIN-2021-43,50k,20596,791,187,3565,1641,0,1294,21926,2021-10-25
CC-MAIN-2021-49,50k,19144,852,168,3691,1493,0,1357,23295,2021-12-06
CC-MAIN-2022-05,50k,19997,596,124,3499,1556,0,1316,22912,2022-01-31
CC-MAIN-2022-21,50k,19511,564,226,3564,1648,0,1289,23198,2022-05-23
CC-MAIN-2022-27,50k,19263,794,271,3575,1598,0,1277,23222,2022-07-04
CC-MAIN-2022-33,50k,21256,720,302,3541,1784,0,1199,21198,2022-08-15
CC-MAIN-2022-40,50k,20612,619,293,3387,1690,0,1235,22164,2022-10-03
CC-MAIN-2022-49,50k,20130,746,281,3545,1725,0,1272,22301,2022-12-05
CC-MAIN-2023-06,50k,20726,757,285,3393,1616,0,1256,21967,2023-02-06
CC-MAIN-2023-14,50k,20445,829,272,3422,1507,0,1251,22274,2023-04-03
CC-MAIN-2023-23,50k,20684,815,278,3443,1688,0,1234,21858,2023-06-05
CC-MAIN-2023-40,50k,19731,1002,289,3547,1610,0,1187,22634,2023-10-02
CC-MAIN-2023-50,50k,18293,1153,303,3678,1657,0,1188,23728,2023-12-11
CC-MAIN-2024-10,50k,18266,1204,430,3643,1628,0,1174,23655,2024-03-04
CC-MAIN-2024-18,50k,18608,1182,428,3476,1600,0,1151,23555,2024-04-29
CC-MAIN-2024-22,50k,18187,1231,428,3653,1628,0,1177,23696,2024-05-27
CC-MAIN-2024-26,50k,18247,1233,484,3544,1591,0,1168,23733,2024-06-24
CC-MAIN-2024-30,50k,18308,1558,497,3527,1586,0,1124,23400,2024-07-22
CC-MAIN-2024-33,50k,18650,1594,496,3406,1587,0,1104,23163,2024-08-12
CC-MAIN-2024-38,50k,18563,1631,491,3412,1597,0,1116,23190,2024-09-16
CC-MAIN-2024-42,50k,18633,1559,476,3401,1610,0,1078,23243,2024-10-14
CC-MAIN-2024-46,50k,18730,1561,460,3386,1597,0,1078,23188,2024-11-11
CC-MAIN-2024-51,50k,18737,1969,474,3391,1558,0,1067,22804,2024-12-16
CC-MAIN-2025-05,50k,18638,1705,458,3451,1628,0,1046,23074,2025-01-27
CC-MAIN-2025-08,50k,18449,1818,493,3484,1691,0,1030,23035,2025-02-17
CC-MAIN-2025-13,50k,18740,1340,516,3409,1670,0,1046,23279,2025-03-24
CC-MAIN-2025-18,50k,18328,1450,521,3591,1679,0,1012,23419,2025-04-28
CC-MAIN-2025-21,50k,18504,1542,536,3500,1630,0,992,23296,2025-05-19
CC-MAIN-2025-26,50k,18690,1496,549,3466,1644,0,1039,23116,2025-06-23
CC-MAIN-2025-30,50k,18585,1749,550,3383,1642,0,1039,23052,2025-07-21
CC-MAIN-2025-33,50k,18716,1789,555,3324,1627,0,1025,22964,2025-08-11
CC-MAIN-2025-38,50k,18592,1754,538,3379,1716,0,1020,23001,2025-09-15
CC-MAIN-2016-36,100k,61096,393,165,5835,8592,1552,1750,20617,2016-09-05
CC-MAIN-2017-09,100k,48090,643,225,6184,14835,1847,2053,26123,2017-02-27
CC-MAIN-2017-34,100k,52620,334,147,4729,22631,773,1493,17273,2017-08-21
CC-MAIN-2018-09,100k,50642,587,225,5686,21898,920,1607,18435,2018-02-26
CC-MAIN-2018-34,100k,43022,843,279,6466,27039,932,1885,19534,2018-08-20
CC-MAIN-2019-09,100k,45687,785,295,6050,24971,898,1681,19633,2019-02-25
CC-MAIN-2019-35,100k,53837,711,259,5260,18070,894,1592,19377,2019-08-26
CC-MAIN-2020-05,100k,45568,1005,246,7228,1254,2687,2666,39346,2020-01-27
CC-MAIN-2020-10,100k,43737,1131,264,7546,1311,2810,2743,40458,2020-03-02
CC-MAIN-2020-16,100k,43656,1212,307,7439,1238,2859,2760,40529,2020-04-13
CC-MAIN-2020-24,100k,42878,1189,238,7458,1261,2917,2774,41285,2020-06-08
CC-MAIN-2020-29,100k,42414,1141,247,7524,1222,2904,2872,41676,2020-07-13
CC-MAIN-2020-34,100k,41593,1210,249,7505,1272,3017,2896,42258,2020-08-17
CC-MAIN-2020-40,100k,41504,1225,260,7601,1239,2991,2877,42303,2020-09-28
CC-MAIN-2020-45,100k,41158,1203,251,7605,1243,3114,2883,42543,2020-11-02
CC-MAIN-2020-50,100k,41251,1253,285,7523,1210,3050,2886,42542,2020-12-07
CC-MAIN-2021-04,100k,40865,1226,269,7558,1212,3133,2839,42898,2021-01-25
CC-MAIN-2021-10,100k,40694,1310,269,7526,1255,3132,2795,43019,2021-03-08
CC-MAIN-2021-17,100k,40227,1456,381,7538,1298,3129,2792,43179,2021-04-26
CC-MAIN-2021-21,100k,39723,1320,299,7694,1297,3269,2791,43607,2021-05-24
CC-MAIN-2021-25,100k,39892,1477,278,7513,1325,3242,2744,43529,2021-06-21
CC-MAIN-2021-31,100k,41162,1512,377,7636,2868,0,2762,43683,2021-08-02
CC-MAIN-2021-39,100k,40189,1610,349,7832,3099,0,2790,44131,2021-09-27
CC-MAIN-2021-43,100k,42945,1555,361,7718,3122,0,2667,41632,2021-10-25
CC-MAIN-2021-49,100k,39724,1678,364,7872,2884,0,2800,44678,2021-12-06
CC-MAIN-2022-05,100k,41523,1161,249,7429,2968,0,2735,43935,2022-01-31
CC-MAIN-2022-21,100k,40683,1107,439,7501,3124,0,2702,44444,2022-05-23
CC-MAIN-2022-27,100k,39979,1597,597,7528,3056,0,2692,44551,2022-07-04
CC-MAIN-2022-33,100k,43911,1485,630,7572,3302,0,2528,40572,2022-08-15
CC-MAIN-2022-40,100k,42756,1255,612,7237,3120,0,2567,42453,2022-10-03
CC-MAIN-2022-49,100k,41554,1558,614,7500,3260,0,2653,42861,2022-12-05
CC-MAIN-2023-06,100k,42662,1539,624,7261,3010,0,2629,42275,2023-02-06
CC-MAIN-2023-14,100k,42408,1668,596,7208,2890,0,2603,42627,2023-04-03
CC-MAIN-2023-23,100k,42631,1649,602,7278,3179,0,2607,42054,2023-06-05
CC-MAIN-2023-40,100k,40929,1943,627,7490,3109,0,2542,43360,2023-10-02
CC-MAIN-2023-50,100k,37916,2197,654,7854,3194,0,2573,45612,2023-12-11
CC-MAIN-2024-10,100k,37694,2344,884,7868,3205,0,2524,45481,2024-03-04
CC-MAIN-2024-18,100k,38711,2275,878,7443,3088,0,2460,45145,2024-04-29
CC-MAIN-2024-22,100k,37990,2379,901,7632,3151,0,2515,45432,2024-05-27
CC-MAIN-2024-26,100k,38146,2368,1030,7488,3076,0,2490,45402,2024-06-24
CC-MAIN-2024-30,100k,38337,2978,1038,7404,3062,0,2424,44757,2024-07-22
CC-MAIN-2024-33,100k,38996,3095,1057,7193,3051,0,2373,44235,2024-08-12
CC-MAIN-2024-38,100k,38895,3156,1046,7250,3045,0,2372,44236,2024-09-16
CC-MAIN-2024-42,100k,38986,3012,994,7216,3114,0,2335,44343,2024-10-14
CC-MAIN-2024-46,100k,39212,3003,1006,7166,3060,0,2308,44245,2024-11-11
CC-MAIN-2024-51,100k,39222,3585,1039,7101,3049,0,2267,43737,2024-12-16
CC-MAIN-2025-05,100k,39083,3231,994,7211,3132,0,2238,44111,2025-01-27
CC-MAIN-2025-08,100k,38592,3472,1062,7378,3241,0,2224,44031,2025-02-17
CC-MAIN-2025-13,100k,39161,2536,1110,7196,3202,0,2232,44563,2025-03-24
CC-MAIN-2025-18,100k,38571,2728,1101,7504,3229,0,2203,44664,2025-04-28
CC-MAIN-2025-21,100k,38906,2856,1128,7359,3185,0,2150,44416,2025-05-19
CC-MAIN-2025-26,100k,39335,2821,1140,7165,3205,0,2246,44088,2025-06-23
CC-MAIN-2025-30,100k,39217,3289,1150,7016,3195,0,2248,43885,2025-07-21
CC-MAIN-2025-33,100k,39501,3304,1174,6851,3182,0,2243,43745,2025-08-11
CC-MAIN-2025-38,100k,39286,3251,1130,6982,3311,0,2229,43811,2025-09-15
CC-MAIN-2016-36,1M,693597,2491,1336,64395,51871,11927,15443,158940,2016-09-05
CC-MAIN-2017-09,1M,631477,3312,1591,63618,82128,13280,17353,187241,2017-02-27
CC-MAIN-2017-34,1M,687089,1785,1114,49654,105179,5773,12858,136548,2017-08-21
CC-MAIN-2018-09,1M,643172,3255,1741,62716,114872,7101,14405,152738,2018-02-26
CC-MAIN-2018-34,1M,578054,5450,2252,68265,155875,7481,16981,165642,2018-08-20
CC-MAIN-2019-09,1M,581993,5019,2396,67342,146058,7847,15776,173569,2019-02-25
CC-MAIN-2019-35,1M,647384,4689,2223,62823,91585,8185,15054,168057,2019-08-26
CC-MAIN-2020-05,1M,579173,6987,2235,78064,8869,21195,23266,280211,2020-01-27
CC-MAIN-2020-10,1M,566708,7389,2319,80981,9367,22094,23834,287308,2020-03-02
CC-MAIN-2020-16,1M,566305,7837,2622,79534,8732,22264,23774,288932,2020-04-13
CC-MAIN-2020-24,1M,559738,7818,2351,80041,8935,22858,24038,294221,2020-06-08
CC-MAIN-2020-29,1M,554777,7224,2315,79998,8868,23288,24748,298782,2020-07-13
CC-MAIN-2020-34,1M,548108,7731,2363,80807,8798,24114,25282,302797,2020-08-17
CC-MAIN-2020-40,1M,547250,8061,2431,81043,8813,23686,24914,303802,2020-09-28
CC-MAIN-2020-45,1M,544885,7999,2378,80839,8813,24293,24964,305829,2020-11-02
CC-MAIN-2020-50,1M,546551,8170,2651,79466,8842,24155,24740,305425,2020-12-07
CC-MAIN-2021-04,1M,539789,8215,2620,81064,9067,24818,24823,309604,2021-01-25
CC-MAIN-2021-10,1M,541171,8371,2674,79193,9135,24799,24935,309722,2021-03-08
CC-MAIN-2021-17,1M,533095,9770,3582,80824,9630,24757,25140,313202,2021-04-26
CC-MAIN-2021-21,1M,524819,9081,3086,84595,9870,25915,25282,317352,2021-05-24
CC-MAIN-2021-25,1M,526477,9393,3085,82869,9763,26125,25070,317218,2021-06-21
CC-MAIN-2021-31,1M,536967,9758,3398,84223,21056,0,25278,319320,2021-08-02
CC-MAIN-2021-39,1M,529126,10354,3197,85624,22205,0,25348,324146,2021-09-27
CC-MAIN-2021-43,1M,541313,10230,3299,85074,21959,0,24734,313391,2021-10-25
CC-MAIN-2021-49,1M,523969,10993,3354,85860,21295,0,25414,329115,2021-12-06
CC-MAIN-2022-05,1M,537744,7719,2743,81027,20966,0,24971,324830,2022-01-31
CC-MAIN-2022-21,1M,524322,8152,4213,85682,22383,0,25165,330083,2022-05-23
CC-MAIN-2022-27,1M,518860,10266,5075,86116,21991,0,25274,332418,2022-07-04
CC-MAIN-2022-33,1M,530356,10382,5423,86988,23587,0,24611,318653,2022-08-15
CC-MAIN-2022-40,1M,541785,9084,5279,82607,21687,0,23931,315627,2022-10-03
CC-MAIN-2022-49,1M,527319,11166,5719,85605,23616,0,24546,322029,2022-12-05
CC-MAIN-2023-06,1M,537558,11756,5729,81990,21758,0,24249,316960,2023-02-06
CC-MAIN-2023-14,1M,540174,11375,5628,81283,21368,0,23840,316332,2023-04-03
CC-MAIN-2023-23,1M,535673,13178,5730,82500,22797,0,23987,316135,2023-06-05
CC-MAIN-2023-40,1M,523482,13316,6750,83427,23247,0,23749,326029,2023-10-02
CC-MAIN-2023-50,1M,483331,15233,7534,89987,24214,0,24796,354905,2023-12-11
CC-MAIN-2024-10,1M,471757,16555,9422,92382,24720,0,24555,360609,2024-03-04
CC-MAIN-2024-18,1M,486551,15911,10282,84016,23366,0,23875,355999,2024-04-29
CC-MAIN-2024-22,1M,490214,16773,9859,84852,24011,0,24115,350176,2024-05-27
CC-MAIN-2024-26,1M,485935,16729,10547,84796,23929,0,24125,353939,2024-06-24
CC-MAIN-2024-30,1M,478904,20132,10726,82888,23958,0,23476,359916,2024-07-22
CC-MAIN-2024-33,1M,484198,21298,11092,81356,23584,0,23162,355310,2024-08-12
CC-MAIN-2024-38,1M,490712,21990,11061,80640,24211,0,22876,348510,2024-09-16
CC-MAIN-2024-42,1M,493327,21043,10706,80578,24245,0,22793,347308,2024-10-14
CC-MAIN-2024-46,1M,497089,21359,11033,79810,24337,0,22636,343736,2024-11-11
CC-MAIN-2024-51,1M,496805,23422,11131,79675,24079,0,22359,342529,2024-12-16
CC-MAIN-2025-05,1M,495460,23800,11058,81031,24789,0,22360,341502,2025-01-27
CC-MAIN-2025-08,1M,479478,26968,12181,86081,26210,0,22681,346401,2025-02-17
CC-MAIN-2025-13,1M,492344,21326,13515,80299,25476,0,22495,344545,2025-03-24
CC-MAIN-2025-18,1M,487793,23885,13197,82789,25944,0,22569,343823,2025-04-28
CC-MAIN-2025-21,1M,495428,23633,13409,78827,25582,0,22701,340420,2025-05-19
CC-MAIN-2025-26,1M,501516,23911,14245,75499,25729,0,22799,336301,2025-06-23
CC-MAIN-2025-30,1M,503323,25608,13565,74339,25297,0,22574,335294,2025-07-21
CC-MAIN-2025-33,1M,505553,26113,12518,73215,25095,0,22577,334929,2025-08-11
CC-MAIN-2025-38,1M,510569,24555,11695,72588,25251,0,22246,333096,2025-09-15
CC-MAIN-2016-36,2M,1505941,4243,2528,119330,83556,20289,25981,280198,2016-09-05
CC-MAIN-2017-09,2M,1428830,5148,2808,113887,125214,22153,28892,315134,2017-02-27
CC-MAIN-2017-34,2M,1534066,2756,2010,90177,148831,9767,21577,232882,2017-08-21
CC-MAIN-2018-09,2M,1420252,5376,3134,125109,178731,12541,25223,271700,2018-02-26
CC-MAIN-2018-34,2M,1311111,9675,4051,127913,241087,13337,29932,304960,2018-08-20
CC-MAIN-2019-09,2M,1310484,8713,4165,126493,226573,14429,28219,322990,2019-02-25
CC-MAIN-2019-35,2M,1409167,8210,4073,117299,142596,14785,28150,317786,2019-08-26
CC-MAIN-2020-05,2M,1296198,12076,4205,142086,15026,37982,40258,494235,2020-01-27
CC-MAIN-2020-10,2M,1271230,12884,4427,148028,15876,39978,41349,508294,2020-03-02
CC-MAIN-2020-16,2M,1270329,13603,4931,145401,14989,40167,41390,511256,2020-04-13
CC-MAIN-2020-24,2M,1254336,14094,4629,146650,15406,41377,41793,523781,2020-06-08
CC-MAIN-2020-29,2M,1242569,13344,4873,147477,15259,41830,43077,533637,2020-07-13
CC-MAIN-2020-34,2M,1229193,14271,4768,149506,15202,43528,44006,541592,2020-08-17
CC-MAIN-2020-40,2M,1227019,14613,5102,149932,15383,42705,43631,543681,2020-09-28
CC-MAIN-2020-45,2M,1223925,14222,4972,148960,15246,43804,43850,547087,2020-11-02
CC-MAIN-2020-50,2M,1226330,14522,5781,146466,15473,43442,43568,546484,2020-12-07
CC-MAIN-2021-04,2M,1211873,14715,5398,149239,16088,44864,44086,555803,2021-01-25
CC-MAIN-2021-10,2M,1217621,14670,5348,145746,16062,44746,43836,554037,2021-03-08
CC-MAIN-2021-17,2M,1201640,17042,6852,148805,17129,44660,44439,561499,2021-04-26
CC-MAIN-2021-21,2M,1184605,16202,6280,156227,17855,47070,44931,568896,2021-05-24
CC-MAIN-2021-25,2M,1186954,16415,6261,152971,17719,47997,44467,569282,2021-06-21
CC-MAIN-2021-31,2M,1205347,17085,6865,155972,37485,0,44858,574454,2021-08-02
CC-MAIN-2021-39,2M,1188215,18263,6616,160026,39261,0,45137,584548,2021-09-27
CC-MAIN-2021-43,2M,1201895,18511,7264,160095,38526,0,44240,571535,2021-10-25
CC-MAIN-2021-49,2M,1177244,19877,6965,162332,37661,0,45138,592849,2021-12-06
CC-MAIN-2022-05,2M,1201667,14116,5937,154002,37020,0,44427,584897,2022-01-31
CC-MAIN-2022-21,2M,1176658,15303,9129,162303,39993,0,44784,593896,2022-05-23
CC-MAIN-2022-27,2M,1166435,18239,10493,162711,39198,0,45033,599957,2022-07-04
CC-MAIN-2022-33,2M,1173022,18918,11263,165150,42329,0,44410,586974,2022-08-15
CC-MAIN-2022-40,2M,1206393,16397,11093,156098,38774,0,42676,570635,2022-10-03
CC-MAIN-2022-49,2M,1179403,20307,12245,161337,42509,0,43783,582482,2022-12-05
CC-MAIN-2023-06,2M,1196677,20589,12385,155636,39780,0,43187,573812,2023-02-06
CC-MAIN-2023-14,2M,1205694,19942,11890,154172,38581,0,42491,569296,2023-04-03
CC-MAIN-2023-23,2M,1193160,24097,12109,158211,40729,0,42492,571268,2023-06-05
CC-MAIN-2023-40,2M,1176500,23298,21048,158877,41694,0,42307,578342,2023-10-02
CC-MAIN-2023-50,2M,1093524,27056,22587,173474,43894,0,44629,636902,2023-12-11
CC-MAIN-2024-10,2M,1066237,29305,25520,177187,44658,0,44004,655155,2024-03-04
CC-MAIN-2024-18,2M,1096120,28287,27147,159428,42460,0,43079,645545,2024-04-29
CC-MAIN-2024-22,2M,1105883,32188,26495,164262,44014,0,43881,625343,2024-05-27
CC-MAIN-2024-26,2M,1100445,31071,27331,164205,44269,0,44152,630593,2024-06-24
CC-MAIN-2024-30,2M,1093176,36782,27498,160375,43566,0,43103,637566,2024-07-22
CC-MAIN-2024-33,2M,1107832,38554,28204,157187,42838,0,42171,625280,2024-08-12
CC-MAIN-2024-38,2M,1118261,39172,27849,156316,43546,0,41271,615651,2024-09-16
CC-MAIN-2024-42,2M,1126156,36963,26380,153139,43756,0,41253,614419,2024-10-14
CC-MAIN-2024-46,2M,1131502,37664,27706,152753,43554,0,40800,608087,2024-11-11
CC-MAIN-2024-51,2M,1124533,40338,27810,155867,43416,0,40411,609691,2024-12-16
CC-MAIN-2025-05,2M,1119632,41001,27766,159771,44791,0,40356,608749,2025-01-27
CC-MAIN-2025-08,2M,1085438,46854,29618,170759,47874,0,41205,620318,2025-02-17
CC-MAIN-2025-13,2M,1119018,36665,32751,156603,45597,0,40554,610878,2025-03-24
CC-MAIN-2025-18,2M,1111566,41087,32380,160573,46775,0,40619,609066,2025-04-28
CC-MAIN-2025-21,2M,1130544,40287,32343,149580,45815,0,40662,602835,2025-05-19
CC-MAIN-2025-26,2M,1147304,40775,33318,142409,46142,0,40592,591526,2025-06-23
CC-MAIN-2025-30,2M,1152320,43074,32234,139623,45147,0,40350,589318,2025-07-21
CC-MAIN-2025-33,2M,1155791,44096,29172,137193,44948,0,40435,590431,2025-08-11
CC-MAIN-2025-38,2M,1166889,41627,23803,135453,44714,0,39845,589735,2025-09-15
